algos,0,1,2
RF,0.3333333333333333,0.65,0.6483333333333333
