{"RF": {"0": {"0": 0.23542319999978645, "1": 0.17344550000007075, "2": 0.16250700000000506, "3": 0.1812700999998924, "4": 0.16968260000021473, "5": 0.1867219999999179, "6": 0.19161339999982374, "7": 0.19236569999975472}, "1": {"0": 0.2533050000001822, "1": 0.46446910000031494, "2": 0.2951898000001165, "3": 0.253885099999934, "4": 0.2825548000000708, "5": 0.19878960000005463, "6": 0.19342860000051587, "7": 0.15455070000007254}, "2": {"0": 0.13222849999965547, "1": 0.1344441999999617, "2": 0.15416460000051302, "3": 0.1614184000000023, "4": 0.1849989000002097, "5": 0.23580000000038126, "6": 0.13915350000024773, "7": 0.1344374999998763}, "3": {"0": 0.32758800000010524, "1": 0.26358410000011645, "2": 0.6843699999999444, "3": 0.6637129000000641, "4": 0.8758003000002645, "5": 1.0305800999994972, "6": 0.8458794999996826, "7": 0.9178650000003472}, "4": {"0": 0.5938740999999936, "1": 0.30239369999981136, "2": 0.48050549999970826, "3": 0.5382853000000978, "4": 0.5843383000001268, "5": 0.4905858000001899, "6": 0.6896144000002096, "7": 0.601269400000092}}, "DN": {"0": {"0": 38.18268900000021, "1": 29.897854700000153, "2": 33.81595440000001, "3": 36.35102779999988, "4": 37.80931349999992, "5": 42.97006539999984, "6": 44.64457569999968, "7": 53.62284450000061}, "1": {"0": 62.98186010000063, "1": 57.32844380000006, "2": 51.637076300000444, "3": 54.39974530000018, "4": 49.54580830000032, "5": 28.35219910000069, "6": 31.99848589999965, "7": 39.38582419999966}, "2": {"0": 15.967421999999715, "1": 16.30573269999968, "2": 16.54088789999969, "3": 17.31015529999968, "4": 16.962771200000134, "5": 18.252568099999735, "6": 26.8142656, "7": 18.508760900000198}, "3": {"0": 40.02061649999996, "1": 51.676304899999195, "2": 49.03543220000029, "3": 59.452797300000384, "4": 91.1856673000002, "5": 67.59732729999996, "6": 56.67326260000027, "7": 54.565015700000004}, "4": {"0": 32.357605299999705, "1": 29.623243099999854, "2": 33.352930000000015, "3": 44.24380289999954, "4": 62.27830030000041, "5": 77.32273549999991, "6": 38.34191929999997, "7": 83.34922300000017}}, "GBDT": {"0": {"0": 0.7590014000002157, "1": 0.6343744999999217, "2": 0.6764808999996603, "3": 0.6771370000001298, "4": 0.7596579999999449, "5": 0.8583428000001732, "6": 1.076763199999732, "7": 2.481760100000429}, "1": {"0": 12.97485719999986, "1": 7.076653699999952, "2": 10.392522999999528, "3": 9.404626800000187, "4": 7.534485499999391, "5": 8.626498499999798, "6": 9.605793300000187, "7": 10.72153470000012}, "2": {"0": 0.828605200000311, "1": 1.023368400000436, "2": 1.1205755000000863, "3": 1.0474950000007084, "4": 1.3790748000001258, "5": 1.2468139000002338, "6": 1.3482622999999876, "7": 1.5646681000007447}, "3": {"0": 4.7248696999995445, "1": 7.7783479999998235, "2": 10.310054000000491, "3": 8.788130699999783, "4": 18.006823700000496, "5": 13.123073400000067, "6": 10.867915199999516, "7": 14.98748119999982}, "4": {"0": 5.46504079999977, "1": 3.982067000000825, "2": 7.000517299999956, "3": 9.631857100000161, "4": 18.66747320000013, "5": 16.543558999999732, "6": 16.591408899999806, "7": 13.160947399999714}}}