{"RF": {"0": {"0": 0.9446860000025481, "1": 0.6537352000013925, "2": 1.3706288000103086, "3": 0.8325962999952026, "4": 0.9714073000068311, "5": 2.7668734999897424, "6": 2.0362538999761455, "7": 1.1742877000069711}, "1": {"0": 3.773973700008355, "1": 1.4967208000016399, "2": 2.4319109999923967, "3": 2.2168541999999434, "4": 3.065849300008267, "5": 3.2029786000202876, "6": 2.5667261000198778, "7": 3.84773330000462}, "2": {"0": 1.5907930000103079, "1": 0.9449984999955632, "2": 1.393425100017339, "3": 2.5394127999898046, "4": 0.9899895999988075, "5": 1.7068156000168528, "6": 1.1219719999935478, "7": 0.7275013999897055}, "3": {"0": 9.767087999993237, "1": 3.283771299989894, "2": 5.4376577000075486, "3": 5.920039299991913, "4": 11.956593000009889, "5": 8.145466299989494, "6": 24.007953599997563, "7": 7.476222600002075}, "4": {"0": 3.957851099985419, "1": 5.313829300022917, "2": 5.097256000008201, "3": 1.5023830000136513, "4": 9.550899899972137, "5": 6.1933449000061955, "6": 4.829775299993344, "7": 9.124748300004285}}, "DN": {"0": {"0": 15.906691599986516, "1": 13.138983599987114, "2": 13.95229119999567, "3": 12.377981099998578, "4": 16.597825500008184, "5": 14.464844399975846, "6": 13.829769200005103, "7": 14.48866810000618}, "1": {"0": 10.315555599983782, "1": 11.487252599996282, "2": 11.213577699993039, "3": 10.709949999989476, "4": 11.460547499998938, "5": 12.240209900017362, "6": 14.248422200005734, "7": 14.644781500013778}, "2": {"0": 7.027359500003513, "1": 6.92584949999582, "2": 6.972978800011333, "3": 7.373306099994807, "4": 7.740890199987916, "5": 7.894019600003958, "6": 7.856145700003253, "7": 8.54241969998111}, "3": {"0": 25.54928259999724, "1": 29.89817060000496, "2": 32.575196099991444, "3": 29.600929799984442, "4": 27.700001299992437, "5": 39.32631790000596, "6": 35.31103750001057, "7": 47.69572350001545}, "4": {"0": 18.580922699999064, "1": 17.06644329999108, "2": 13.830176699993899, "3": 14.551009799994063, "4": 16.18489590001991, "5": 17.08199509998667, "6": 17.860592200013343, "7": 19.88277559998096}}, "GBDT": {"0": {"0": 0.7478492000082042, "1": 0.7594501999847125, "2": 0.8528866000124253, "3": 0.8468013999809045, "4": 1.6687486000009812, "5": 0.924074099981226, "6": 1.258312099991599, "7": 1.1122466000088025}, "1": {"0": 6.828626300004544, "1": 6.7649986000033095, "2": 6.536952099995688, "3": 6.737238799978513, "4": 6.9249140000029, "5": 8.574721799988765, "6": 9.037028999999166, "7": 9.535731799987843}, "2": {"0": 1.087881200015545, "1": 1.1161126000224613, "2": 1.2223216000129469, "3": 1.2721329999912996, "4": 1.2880061000178102, "5": 1.4534491000231355, "6": 1.5532692999986466, "7": 1.6951567999785766}, "3": {"0": 6.076541400019778, "1": 5.120444800006226, "2": 7.0917976000055205, "3": 8.323559599986766, "4": 7.375191299972357, "5": 10.240222099993844, "6": 15.97455670000636, "7": 18.646453099994687}, "4": {"0": 6.7638241999957245, "1": 5.726638699998148, "2": 5.9748416999937035, "3": 6.764047300006496, "4": 6.999915100022918, "5": 6.386827900016215, "6": 9.025435999996262, "7": 10.455268499994418}}}