{"RF": {"0": {"0": 4.658285500000005, "1": 1.3183051000000034, "2": 2.414404899999994, "3": 1.1756426999999974, "4": 2.49936120000001, "5": 1.6043233000000043, "6": 3.0170499999999834, "7": 2.4780097999999953}, "1": {"0": 5.404028800000049, "1": 3.2146179000000075, "2": 4.4245453999999995, "3": 1.639994999999999, "4": 2.6305547000000047, "5": 3.156556299999977, "6": 5.110737400000062, "7": 5.238218399999937}, "2": {"0": 1.2775470999999925, "1": 1.337484399999994, "2": 1.0824923999999783, "3": 3.072116899999969, "4": 0.9311519999999973, "5": 2.5757254000000103, "6": 1.9028306999999813, "7": 4.4650016999999025}, "3": {"0": 14.026439299999993, "1": 8.759957100000065, "2": 1.5240037000000939, "3": 8.803968999999938, "4": 16.493876999999884, "5": 22.3442699000002, "6": 10.180321499999991, "7": 19.174760099999958}, "4": {"0": 4.038828499999909, "1": 11.476095400000077, "2": 6.509241700000075, "3": 2.0732843000000685, "4": 13.725252800000135, "5": 6.943851400000085, "6": 5.752437599999894, "7": 14.535574400000087}}, "DN": {"0": {"0": 21.994871700000004, "1": 24.331127700000025, "2": 18.046779700000002, "3": 31.111310900000007, "4": 16.79065460000001, "5": 17.402974800000038, "6": 25.782576699999993, "7": 19.40393789999996}, "1": {"0": 16.52874860000003, "1": 22.268574100000023, "2": 20.51168439999998, "3": 17.890596399999993, "4": 17.97688740000001, "5": 23.491186000000027, "6": 31.238050199999975, "7": 27.66848809999999}, "2": {"0": 11.36515129999998, "1": 12.179221799999937, "2": 14.008409599999936, "3": 18.009341800000016, "4": 21.86848180000004, "5": 14.135499699999968, "6": 21.756402099999946, "7": 27.28913870000008}, "3": {"0": 45.198389399999996, "1": 42.49219590000007, "2": 42.3805493000001, "3": 51.203095899999994, "4": 48.541905799999995, "5": 47.15624690000004, "6": 59.339598000000024, "7": 52.983804899999996}, "4": {"0": 22.84287539999991, "1": 24.046525700000075, "2": 21.932526099999905, "3": 23.00431690000005, "4": 25.914113000000043, "5": 23.46103169999992, "6": 35.16674809999995, "7": 41.65940189999992}}, "GBDT": {"0": {"0": 3.0301582999999823, "1": 0.7580885000000137, "2": 0.766166300000009, "3": 0.8096602999999902, "4": 0.8166313000000116, "5": 0.9186526999999955, "6": 1.808212000000026, "7": 1.8436742000000095}, "1": {"0": 8.3064028, "1": 12.209444099999985, "2": 8.02526180000001, "3": 11.872048600000028, "4": 7.93763469999999, "5": 13.45140680000003, "6": 14.76865620000001, "7": 9.616842499999962}, "2": {"0": 1.0399603000000752, "1": 1.1846873000000642, "2": 1.5135158000000501, "3": 2.2861176000000114, "4": 1.9432237999999415, "5": 2.023943700000018, "6": 2.2551778999999215, "7": 2.109218100000021}, "3": {"0": 7.280856800000038, "1": 6.462553599999978, "2": 8.044512700000041, "3": 9.666986399999928, "4": 8.018435499999896, "5": 14.06967480000003, "6": 14.553767099999959, "7": 15.841498900000033}, "4": {"0": 6.789232000000084, "1": 7.131665999999996, "2": 6.206023899999991, "3": 8.13576809999995, "4": 7.332717500000172, "5": 7.541923400000087, "6": 10.343621099999837, "7": 45.53049799999985}}}