{"RF": {"0": {"0": 7.486707300005946, "1": 0.7997714999946766, "2": 2.8840665000025183, "3": 4.290620600018883, "4": 4.2122678000014275, "5": 2.0243953999888618, "6": 3.06032730001607, "7": 2.2557114000082947}, "1": {"0": 3.6882601999968756, "1": 6.831017500022426, "2": 3.057018399995286, "3": 3.987208599981386, "4": 4.622660799999721, "5": 3.2122703999921214, "6": 2.00560389997554, "7": 7.17146959999809}, "2": {"0": 2.3705962000240106, "1": 1.6840621999872383, "2": 1.8720227000012528, "3": 3.270015299989609, "4": 2.175506300001871, "5": 2.2638371999782976, "6": 2.2383149999950547, "7": 1.8410720999818295}, "3": {"0": 11.750138100003824, "1": 21.09517970000161, "2": 10.782145000004675, "3": 4.435612400004175, "4": 23.262489800021285, "5": 8.190741600003093, "6": 25.76249240001198, "7": 29.686343700013822}, "4": {"0": 6.35795540001709, "1": 9.62721100001363, "2": 16.06254660000559, "3": 11.546344100002898, "4": 10.276517899997998, "5": 11.514451800001552, "6": 15.019311600015499, "7": 14.384693900006823}}, "DN": {"0": {"0": 101.2844431999838, "1": 49.50475140000344, "2": 173.52189609999186, "3": 158.35423070000252, "4": 86.43082229999709, "5": 126.00756290002028, "6": 135.38172520001535, "7": 153.9126707999967}, "1": {"0": 101.54092090000631, "1": 97.10875240000314, "2": 77.17524410001351, "3": 88.42724240000825, "4": 139.45447329999297, "5": 101.44207910000114, "6": 172.49436690000584, "7": 225.45823029999156}, "2": {"0": 47.430515700019896, "1": 53.591450300009456, "2": 41.61835390000488, "3": 70.2560947999882, "4": 36.90125799999805, "5": 41.65119919998688, "6": 50.54400180000812, "7": 96.45824240002548}, "3": {"0": 93.14845290000085, "1": 59.03964299999643, "2": 81.44478940000408, "3": 2158.4419517999922, "4": 141.25641030000406, "5": 118.39914819999831, "6": 153.83510590001242, "7": 249.29089460000978}, "4": {"0": 86.39608169998974, "1": 70.76563749997877, "2": 128.81153589999303, "3": 83.2247896999761, "4": 99.47883700000239, "5": 111.77390259999083, "6": 115.1903478000022, "7": 1539.5095351999917}}, "GBDT": {"0": {"0": 3.479615599993849, "1": 0.8225133999949321, "2": 14.549928299995372, "3": 1.7106770999962464, "4": 1.1424057999975048, "5": 1.4216332000214607, "6": 2.078847199998563, "7": 1.3130922999989707}, "1": {"0": 9.902993900002912, "1": 9.58006530001876, "2": 11.35555320000276, "3": 14.235740900010569, "4": 14.75392479999573, "5": 11.438259700022172, "6": 23.998188300000038, "7": 22.60248750000028}, "2": {"0": 1.0599661000014748, "1": 1.3672225000045728, "2": 2.06955710001057, "3": 1.8414688000048045, "4": 1.4404555999790318, "5": 1.8417018000036478, "6": 1.6364299000124447, "7": 2.6919679999991786}, "3": {"0": 8.233441999997012, "1": 7.762926099996548, "2": 6.631503999989945, "3": 16.7064798999927, "4": 16.80917480000062, "5": 17.232169599999906, "6": 23.638834300014423, "7": 24.749525199993514}, "4": {"0": 7.320454400003655, "1": 9.098872900009155, "2": 7.111501400009729, "3": 14.076440700009698, "4": 12.787247400003253, "5": 18.01759979999042, "6": 15.138994000008097, "7": 26.18776380000054}}}