{"RF": {"0": {"0": 16.105080600013025, "1": 0.6995289000042249, "2": 3.597377599988249, "3": 1.333874800009653, "4": 2.1310859999939566, "5": 1.2218155000009574, "6": 0.4622068000026047, "7": 1.4719495000026654}, "1": {"0": 3.4093710000015562, "1": 2.0163491999992402, "2": 3.599383699998725, "3": 3.50230379999266, "4": 1.7721183000103338, "5": 0.9426368999993429, "6": 1.0180837999942014, "7": 4.876942400005646}, "2": {"0": 1.4642271000047913, "1": 0.9418204999965383, "2": 1.1416783000022406, "3": 1.8124607999925502, "4": 1.0137574999971548, "5": 2.1558363999938592, "6": 1.0624620000016876, "7": 2.6034558999963338}, "3": {"0": 10.15595219998795, "1": 20.81621269999596, "2": 5.291521600011038, "3": 16.530087999999523, "4": 14.39805570000317, "5": 5.65195319999475, "6": 17.907361999998102, "7": 40.21125010000833}, "4": {"0": 3.4470212000014726, "1": 5.52081729999918, "2": 5.8147941999923205, "3": 7.683512800009339, "4": 6.285478899997543, "5": 6.777892099999008, "6": 9.963549799998873, "7": 10.119704199998523}, "5": {"0": 1.3124945999879856, "1": 1.4555765999975847, "2": 1.3633514999964973, "3": 1.1036476000008406, "4": 1.7169174000009662, "5": 2.2103206000028877, "6": 1.6168765999900643, "7": 1.981575600002543}, "6": {"0": 2.4764015000109794, "1": 5.8468379999976605, "2": 4.482355500003905, "3": 11.160007500002393, "4": 6.227580799997668, "5": 4.958829600000172, "6": 10.405224400004954, "7": 7.720857299995259}, "7": {"0": 2.2655865999986418, "1": 1.6061501000076532, "2": 2.5671754000068177, "3": 1.164675599997281, "4": 1.2128135999955703, "5": 3.1966276000021026, "6": 1.6045557999896118, "7": 2.404364900008659}, "8": {"0": 1.0995350000011967, "1": 10.710972100001527, "2": 35.65199119999306, "3": 3.382721899994067, "4": 6.867633400004706, "5": 7.480716100006248, "6": 6.27416399998765, "7": 16.416215999997803}, "9": {"0": 1.5534461999923224, "1": 0.9087528999953065, "2": 1.3460670999920694, "3": 1.4046940999978688, "4": 2.1218908000009833, "5": 2.65503219999664, "6": 1.5018765999993775, "7": 1.427660300003481}, "10": {"0": 1.4130765000008978, "1": 2.8616132000024663, "2": 1.9301350000023376, "3": 1.7465392000012798, "4": 2.725924099999247, "5": 2.8798286999954144, "6": 2.8801048000023, "7": 2.6251645000011194}, "11": {"0": 1.215605500008678, "1": 0.7964675999974133, "2": 1.3615080999879865, "3": 0.627059399994323, "4": 0.8788543999980902, "5": 1.1822280999913346, "6": 2.162169300005189, "7": 1.496921800004202}, "12": {"0": 1.077833899995312, "1": 1.4919617999985348, "2": 1.7062136000022292, "3": 0.9158705999871017, "4": 1.0930915999924764, "5": 1.6897338999988278, "6": 0.7183216999983415, "7": 1.8130769000126747}, "13": {"0": 1.6466261000023223, "1": 1.5167080999963218, "2": 1.80380619999778, "3": 2.0673630999954185, "4": 3.2492481999943266, "5": 2.252839499997208, "6": 3.233827600008226, "7": 3.6120163000014145}, "14": {"0": 2.1006864000082714, "1": 1.1184987000015099, "2": 0.8909723000106169, "3": 1.0244480999972438, "4": 1.117187299998477, "5": 1.4627007000090089, "6": 1.575756200007163, "7": 2.2042710999958217}, "15": {"0": 2.6342653000028804, "1": 1.3221907999977702, "2": 0.5668143000075361, "3": 1.3195000999985496, "4": 1.42017019999912, "5": 2.2682898999919416, "6": 1.5504284999915399, "7": 1.9320157000038307}, "16": {"0": 1.6707760999997845, "1": 1.0877926999964984, "2": 2.073016900001676, "3": 0.974477100011427, "4": 2.650238799993531, "5": 1.572972199996002, "6": 1.0190003000025172, "7": 1.9802180999977281}, "17": {"0": 1.9798136000026716, "1": 1.538406899999245, "2": 1.6753451999975368, "3": 1.908085300005041, "4": 2.3548898000008194, "5": 1.0664983000024222, "6": 1.7785292000044137, "7": 1.9986309999949299}, "18": {"0": 0.8598605000006501, "1": 0.9127270000026328, "2": 1.7337641999911284, "3": 2.8451799000031315, "4": 1.4446329000056721, "5": 1.8513691999978619, "6": 0.8498691999993753, "7": 1.811067799993907}, "19": {"0": 1.80930900000385, "1": 1.299899399993592, "2": 1.217974500003038, "3": 2.4430907999922056, "4": 2.6832947000075364, "5": 1.159691799999564, "6": 1.7082914000056917, "7": 2.883874899998773}, "20": {"0": 0.8642989000072703, "1": 1.716113000002224, "2": 0.9012005999975372, "3": 2.119014399999287, "4": 4.589188900004956, "5": 1.3677413999976125, "6": 3.5914459000050556, "7": 2.61266009999963}, "21": {"0": 0.4636554000026081, "1": 0.9849552999949083, "2": 1.4157640999910655, "3": 1.3112977000128012, "4": 0.6271403999999166, "5": 2.245576600005734, "6": 2.138517499988666, "7": 1.7367545000015525}, "22": {"0": 0.9104311999981292, "1": 0.5996791999932611, "2": 1.0073698999913177, "3": 0.6925886999961222, "4": 2.0177515999967, "5": 1.1599016999971354, "6": 1.5197897000034573, "7": 1.1507649999985006}, "23": {"0": 0.9269601999985753, "1": 5.055278899992118, "2": 1.7579280999925686, "3": 3.149321399992914, "4": 4.314908999993349, "5": 5.301369399996474, "6": 4.674457000000984, "7": 3.5315532999957213}, "24": {"0": 28.330235500005074, "1": 256.5063756000018, "2": 79.30695850000484, "3": 80.91399899999669, "4": 83.30313659999229, "5": 56.38532530001248, "6": 195.95972449998953, "7": 169.64876109999022}}, "DN": {"0": {"0": 53.97437720000744, "1": 58.15390419999312, "2": 39.05113100000017, "3": 58.06338659999892, "4": 39.866090099996654, "5": 95.648388600006, "6": 75.98067509999964, "7": 98.06521760000032}, "1": {"0": 85.14684390000184, "1": 46.984345700009726, "2": 51.400450999994064, "3": 53.610632500000065, "4": 65.42946600000141, "5": 65.5082306000113, "6": 79.23583160000271, "7": 90.85390250000637}, "2": {"0": 39.36538039999141, "1": 28.97085660000448, "2": 36.51402370000142, "3": 47.07405950000975, "4": 27.1206935000082, "5": 40.55803210000158, "6": 39.340928499994334, "7": 66.87111019999429}, "3": {"0": 71.35772410000209, "1": 71.6728751000046, "2": 76.51569679999375, "3": 103.07858540001325, "4": 90.5077076000016, "5": 91.4350548999937, "6": 138.75676590000512, "7": 198.80253660000744}, "4": {"0": 70.44177740000305, "1": 59.78234689999954, "2": 99.99328309998964, "3": 93.31089399999473, "4": 73.52205309999408, "5": 119.68496099999174, "6": 108.12216890000855, "7": 145.99712549999822}, "5": {"0": 47.764002199997776, "1": 38.1993736000004, "2": 41.52412249999179, "3": 36.23209370000404, "4": 37.69012559999828, "5": 44.40745099999185, "6": 39.50122310000006, "7": 69.28245700000843}, "6": {"0": 73.68542900000466, "1": 102.46956269998918, "2": 56.977272900010576, "3": 73.07475670000713, "4": 81.73084150000068, "5": 73.31815120000101, "6": 91.24779600001057, "7": 160.99982889999228}, "7": {"0": 59.82771159999538, "1": 52.6784645000007, "2": 33.68658019999566, "3": 69.39816559999599, "4": 71.49648270000762, "5": 120.54223029999412, "6": 93.92780080001103, "7": 109.84917040000437}, "8": {"0": 52.49017950000416, "1": 87.74100169999292, "2": 97.1178796000022, "3": 86.1333050999965, "4": 105.35396279999986, "5": 82.81270720000612, "6": 82.0716997999989, "7": 126.55001300000004}, "9": {"0": 33.214076800009934, "1": 55.30052020000585, "2": 44.840147299997625, "3": 41.47105760000704, "4": 42.329831600000034, "5": 43.545948099999805, "6": 63.959835700006806, "7": 136.04925949999597}, "10": {"0": 81.86698550000438, "1": 62.143061800001306, "2": 56.69755480000458, "3": 57.82675730000483, "4": 110.30717509999522, "5": 73.8820010000054, "6": 105.17760219999764, "7": 115.0423090000113}, "11": {"0": 22.828257900007884, "1": 23.084619899993413, "2": 32.50199010000506, "3": 27.50274919999356, "4": 31.000972900001216, "5": 49.2467200000101, "6": 88.49439249999705, "7": 39.719984499999555}, "12": {"0": 64.19353599999158, "1": 33.00399159999506, "2": 28.474793600005796, "3": 25.323529999994207, "4": 32.90072499999951, "5": 36.29602770000929, "6": 71.27447319999919, "7": 96.87934710000991}, "13": {"0": 58.20046300000104, "1": 41.69972259999486, "2": 55.46276450000005, "3": 54.906718700003694, "4": 61.96954609999375, "5": 104.21527630000492, "6": 74.04113280000456, "7": 89.67864129999361}, "14": {"0": 38.47818229999393, "1": 38.697815299994545,