train,test
"{0: array([10.5763709, 10.7165423, 14.7037864, 13.3186262, 11.2997605]), 1: array([13.6071293, 13.2388434, 19.6224273, 16.0899847, 13.734129 ]), 2: array([18.5538913, 16.9472691, 17.9336525, 20.3180236, 18.2410261]), 3: array([25.9417952, 24.3565332, 28.8419128, 29.7086155, 26.2678375]), 4: array([38.55269  , 40.2547213, 41.8901598, 45.4514149, 43.6224215]), 5: array([62.3859564, 72.6672707, 65.8286803, 89.0671504, 73.3325815]), 6: array([106.8663836, 112.310416 , 108.7072392, 117.3228783, 141.7597515]), 7: array([199.2778645, 234.0078927, 253.1279009, 221.1600138, 206.5773118])}","{0: array([0.40802  , 0.3586611, 0.4244225, 0.6936099, 0.4000357]), 1: array([0.3666031, 0.3628018, 0.3584418, 0.3733891, 0.4698949]), 2: array([0.3684739, 0.3720531, 0.3878821, 0.4008476, 0.3877863]), 3: array([0.3880492, 0.3967969, 0.4063975, 0.4090204, 0.3972975]), 4: array([0.396755 , 0.5284225, 0.4236457, 0.4236481, 0.4702748]), 5: array([0.4291659, 0.424466 , 0.41249  , 0.4285643, 0.4517476]), 6: array([0.4190576, 0.9523118, 0.5199276, 0.4180929, 0.4291184]), 7: array([0.4165885, 0.4870808, 0.4619655, 0.4468961, 0.4790065])}"
