{"RF": {"0": {"0": 5.12806535186246, "1": 9.502199202310294, "2": 8.465571213047951, "3": 6.357077483087778, "4": 9.143909356091172, "5": 11.093543165829033, "6": 8.764427613001317, "7": 9.565938252955675}, "1": {}, "2": {}, "3": {}, "4": {}, "5": {}, "6": {}, "7": {}, "8": {}, "9": {}, "10": {}, "11": {}, "12": {}, "13": {}, "14": {}, "15": {}, "16": {}, "17": {}, "18": {}, "19": {}, "20": {}, "21": {}, "22": {}, "23": {}, "24": {}, "25": {}, "26": {}, "27": {}, "28": {}, "29": {}, "30": {}, "31": {}, "32": {}, "33": {}, "34": {}, "35": {}, "36": {}, "37": {}, "38": {}, "39": {}, "40": {}, "41": {}, "42": {}, "43": {}, "44": {}, "45": {}, "46": {}, "47": {}, "48": {}, "49": {}, "50": {}, "51": {}, "52": {}, "53": {}, "54": {}, "55": {}, "56": {}, "57": {}, "58": {}, "59": {}, "60": {}, "61": {}, "62": {}, "63": {}, "64": {}, "65": {}, "66": {}, "67": {}, "68": {}, "69": {}, "70": {}, "71": {}}, "DN": {"0": {"0": 86.77119551738724, "1": 67.23877377994359, "2": 76.38399298908189, "3": 96.97695703199133, "4": 83.16132948780432, "5": 72.79133823700249, "6": 75.16797922831029, "7": 66.35845022508875}, "1": {}, "2": {}, "3": {}, "4": {}, "5": {}, "6": {}, "7": {}, "8": {}, "9": {}, "10": {}, "11": {}, "12": {}, "13": {}, "14": {}, "15": {}, "16": {}, "17": {}, "18": {}, "19": {}, "20": {}, "21": {}, "22": {}, "23": {}, "24": {}, "25": {}, "26": {}, "27": {}, "28": {}, "29": {}, "30": {}, "31": {}, "32": {}, "33": {}, "34": {}, "35": {}, "36": {}, "37": {}, "38": {}, "39": {}, "40": {}, "41": {}, "42": {}, "43": {}, "44": {}, "45": {}, "46": {}, "47": {}, "48": {}, "49": {}, "50": {}, "51": {}, "52": {}, "53": {}, "54": {}, "55": {}, "56": {}, "57": {}, "58": {}, "59": {}, "60": {}, "61": {}, "62": {}, "63": {}, "64": {}, "65": {}, "66": {}, "67": {}, "68": {}, "69": {}, "70": {}, "71": {}}, "GBDT": {"0": {"0": 451.9565612929873, "1": 523.4910859260708, "2": 519.4991941223852, "3": 574.2852668017149, "4": 540.3991389679722, "5": 545.2833467149176, "6": 533.2605602750555, "7": 464.72247275710106}, "1": {}, "2": {}, "3": {}, "4": {}, "5": {}, "6": {}, "7": {}, "8": {}, "9": {}, "10": {}, "11": {}, "12": {}, "13": {}, "14": {}, "15": {}, "16": {}, "17": {}, "18": {}, "19": {}, "20": {}, "21": {}, "22": {}, "23": {}, "24": {}, "25": {}, "26": {}, "27": {}, "28": {}, "29": {}, "30": {}, "31": {}, "32": {}, "33": {}, "34": {}, "35": {}, "36": {}, "37": {}, "38": {}, "39": {}, "40": {}, "41": {}, "42": {}, "43": {}, "44": {}, "45": {}, "46": {}, "47": {}, "48": {}, "49": {}, "50": {}, "51": {}, "52": {}, "53": {}, "54": {}, "55": {}, "56": {}, "57": {}, "58": {}, "59": {}, "60": {}, "61": {}, "62": {}, "63": {}, "64": {}, "65": {}, "66": {}, "67": {}, "68": {}, "69": {}, "70": {}, "71": {}}}